{"cameraMode":{"drawMode":0,"name":"Shaded","section":"Shading Mode"},"sceneLighting":true,"audioPlay":false,"sceneViewState":{"showFog":true,"showMaterialUpdate":false,"showSkybox":true,"showFlares":true,"showImageEffects":true,"showParticleSystems":true},"in2DMode":false,"pivot":{"x":1.9633374214172364,"y":-4.916069507598877,"z":0.19474630057811738},"rotation":{"x":-0.3663691580295563,"y":-0.03014216385781765,"z":0.011875058524310589,"w":-0.9299091100692749},"size":14.622779846191407,"orthographic":false}